{"id":1,"first_name":"Flossy","last_name":"Fasson","Skills":["PS3","Vlookup","Go"],"age":43,"department":"Business Development"},
{"id":2,"first_name":"Celeste","last_name":"Hubert","Skills":["Tcl-Tk","Zines"],"age":41,"department":"Product Management"},
{"id":3,"first_name":"Gustie","last_name":"Verner","Skills":["Ventilation","MySQL Cluster","Ethics"],"age":56,"department":"Marketing"},
{"id":4,"first_name":"Anett","last_name":"Leech","Skills":["LPMS","Thermal Oxidation"],"age":25,"department":"Engineering"},
{"id":5,"first_name":"Feliza","last_name":"Emblem","Skills":["Ethical Hacking","GDI+","SNP genotyping"],"age":22,"department":"Accounting"},
{"id":6,"first_name":"Sib","last_name":"Arrault","Skills":["Electric Guitar","Certified EKG Technician","Hotel Booking"],"age":50,"department":"Services"},
{"id":7,"first_name":"Natty","last_name":"Dunseath","Skills":["Historic Preservation","Creative Non-fiction"],"age":69,"department":"Business Development"},
{"id":8,"first_name":"Jesse","last_name":"Kindle","Skills":["Call center start-up","Cost Accounting"],"age":20,"department":"Services"},
{"id":9,"first_name":"Florina","last_name":"Hatherleigh","Skills":["Hatha Yoga"],"age":52,"department":"Marketing"},
{"id":10,"first_name":"Genvieve","last_name":"Lafranconi","Skills":["Higher Education","DV Cleared","LLQP"],"age":51,"department":"Legal"},
{"id":11,"first_name":"Lyman","last_name":"Adshad","Skills":["Mathematical Modeling","Kaizen Blitz"],"age":84,"department":"Services"},
{"id":12,"first_name":"Ruttger","last_name":"Peschmann","Skills":["Sleep Medicine"],"age":70,"department":"Human Resources"},
{"id":13,"first_name":"Selinda","last_name":"Sherburn","Skills":["Sensory Evaluation"],"age":65,"department":"Marketing"},
{"id":14,"first_name":"Ody","last_name":"Waddy","Skills":["SAP OM","JPAS"],"age":32,"department":"Product Management"},
{"id":15,"first_name":"Hort","last_name":"Tennewell","Skills":["Vacation Homes"],"age":69,"department":"Business Development"},
{"id":16,"first_name":"Von","last_name":"Mack","Skills":["BtB"],"age":60,"department":"Engineering"},
{"id":17,"first_name":"Porty","last_name":"Proby","Skills":["Staff Development","DFT"],"age":51,"department":"Product Management"},
{"id":18,"first_name":"Iorgo","last_name":"Barreau","Skills":["CDL Class A"],"age":26,"department":"Accounting"},
{"id":19,"first_name":"Tori","last_name":"Domel","Skills":["Applied Mathematics","MTBF","MICROS"],"age":27,"department":"Research and Development"},
{"id":20,"first_name":"Jocelyn","last_name":"Baselio","Skills":["Quality by Design","VNC","Blogging"],"age":80,"department":"Human Resources"},
{"id":21,"first_name":"Jesse","last_name":"Uvedale","Skills":["GPS"],"age":18,"department":"Accounting"},
{"id":22,"first_name":"Charlotta","last_name":"Harkess","Skills":["Emergency Management","IAR Embedded Workbench","EEG"],"age":37,"department":"Support"},
{"id":23,"first_name":"Patti","last_name":"Winkle","Skills":["Test Equipment","Offshoring"],"age":81,"department":"Business Development"},
{"id":24,"first_name":"Francesco","last_name":"Courvert","Skills":["Entrepreneurship"],"age":86,"department":"Sales"},
{"id":25,"first_name":"Jerad","last_name":"Kilian","Skills":["CNS disorders"],"age":24,"department":"Engineering"},
{"id":26,"first_name":"Reinwald","last_name":"Giacomo","Skills":["WinForms"],"age":55,"department":"Support"},
{"id":27,"first_name":"Nanice","last_name":"Lamblot","Skills":["Marketing","Engineering Management"],"age":54,"department":"Sales"},
{"id":28,"first_name":"Valera","last_name":"Curuclis","Skills":["Supply Chain Management","Lucene"],"age":66,"department":"Business Development"},
{"id":29,"first_name":"Herc","last_name":"Kimble","Skills":["iView"],"age":56,"department":"Product Management"},
{"id":30,"first_name":"Solomon","last_name":"Niven","Skills":["Xero","Zope"],"age":65,"department":"Accounting"},
{"id":31,"first_name":"Reyna","last_name":"Dowker","Skills":["Writing"],"age":60,"department":"Engineering"},
{"id":32,"first_name":"Eilis","last_name":"Brunelleschi","Skills":["dtSearch"],"age":88,"department":"Legal"},
{"id":33,"first_name":"Glyn","last_name":"Orrock","Skills":["Bartending","Cyberlaw"],"age":75,"department":"Human Resources"},
{"id":34,"first_name":"Nydia","last_name":"Jacob","Skills":["Emergency Nursing"],"age":65,"department":"Support"},
{"id":35,"first_name":"Niall","last_name":"Sissens","Skills":["MPages"],"age":22,"department":"Services"},
{"id":36,"first_name":"Diana","last_name":"Harte","Skills":["Occupational Medicine","Machine Tools","HTML Help Workshop"],"age":71,"department":"Accounting"},
{"id":37,"first_name":"Clio","last_name":"Treadway","Skills":["Contract Negotiation","Employee Management"],"age":36,"department":"Sales"},
{"id":38,"first_name":"Celinda","last_name":"Janousek","Skills":["Fire Alarm"],"age":44,"department":"Research and Development"},
{"id":39,"first_name":"Alaster","last_name":"Matiebe","Skills":["AHDL","iHotelier","Eagle PCB"],"age":78,"department":"Marketing"},
{"id":40,"first_name":"Bernadine","last_name":"Lewty","Skills":["Network Architecture"],"age":39,"department":"Sales"},
{"id":41,"first_name":"Buckie","last_name":"Vila","Skills":["GPG"],"age":70,"department":"Services"},
{"id":42,"first_name":"Dorian","last_name":"Swaine","Skills":["QML","GHP"],"age":67,"department":"Business Development"},
{"id":43,"first_name":"Muffin","last_name":"Beamand","Skills":["Direct Mail","Website Development"],"age":32,"department":"Product Management"},
{"id":44,"first_name":"Marven","last_name":"Feek","Skills":["LSS","Git"],"age":51,"department":"Legal"},
{"id":45,"first_name":"Sunshine","last_name":"Edwinson","Skills":["ILS"],"age":47,"department":"Accounting"},
{"id":46,"first_name":"Mac","last_name":"Newart","Skills":["Aquatint","WebLogic","Go"],"age":19,"department":"Marketing"},
{"id":47,"first_name":"Deena","last_name":"Mill","Skills":["DPM","Asset Management","Six Sigma"],"age":58,"department":"Human Resources"},
{"id":48,"first_name":"Cheston","last_name":"Pensom","Skills":["Book Reviews","MicroStation","OEM negotiations"],"age":64,"department":"Sales"},
{"id":49,"first_name":"Enos","last_name":"Megany","Skills":["Teaching Writing"],"age":49,"department":"Sales"},
{"id":50,"first_name":"Tad","last_name":"Budgeon","Skills":["Pianist","WBS","Feasibility Studies"],"age":88,"department":"Marketing"},
{"id":51,"first_name":"Purcell","last_name":"Skettles","Skills":["Credit Unions","Risk Management","Outdoor Recreation"],"age":41,"department":"Marketing"},
{"id":52,"first_name":"Horacio","last_name":"Bradwell","Skills":["Navisworks"],"age":63,"department":"Training"},
{"id":53,"first_name":"Carie","last_name":"Ferneley","Skills":["PML","fMRI","Career Development"],"age":66,"department":"Marketing"},
{"id":54,"first_name":"Oran","last_name":"Canlin","Skills":["MQSI","Structural Dynamics"],"age":81,"department":"Product Management"},
{"id":55,"first_name":"Paloma","last_name":"Arrigo","Skills":["Nmap","Kyocera"],"age":50,"department":"Legal"},
{"id":56,"first_name":"Denna","last_name":"Pedrocco","Skills":["Fleet Management","DVD Studio Pro","Gutters"],"age":20,"department":"Services"},
{"id":57,"first_name":"Yoshiko","last_name":"Assante","Skills":["SBRT","Biomedical Engineering"],"age":36,"department":"Marketing"},
{"id":58,"first_name":"Barnard","last_name":"Mordue","Skills":["Healthcare Industry","NICE Call Recording","NGOs"],"age":87,"department":"Support"},
{"id":59,"first_name":"Christy","last_name":"Tant","Skills":["Dreamweaver"],"age":50,"department":"Accounting"},
{"id":60,"first_name":"Sofia","last_name":"Pillington","Skills":["Utilization Review"],"age":85,"department":"Engineering"},
{"id":61,"first_name":"Burke","last_name":"Eckhard","Skills":["FpML","Salesforce.com","Omnibus"],"age":19,"department":"Sales"},
{"id":62,"first_name":"Rosanne","last_name":"Kleine","Skills":["QNX"],"age":67,"department":"Accounting"},
{"id":63,"first_name":"Alejandro","last_name":"Reddle","Skills":["Demand Generation","XHTML","Newspapers"],"age":70,"department":"Support"},
{"id":64,"first_name":"Sonni","last_name":"Benkhe","Skills":["JSTOR","Grocery"],"age":32,"department":"Services"},
{"id":65,"first_name":"Erina","last_name":"Trow","Skills":["Assurance"],"age":79,"department":"Product Management"},
{"id":66,"first_name":"Adiana","last_name":"Cleveland","Skills":["HSDPA","CCSP"],"age":70,"department":"Business Development"},
{"id":67,"first_name":"Kaia","last_name":"Gleeson","Skills":["WSE","CCNA","Process Simulation"],"age":33,"department":"Accounting"},
{"id":68,"first_name":"Domenico","last_name":"Iacovuzzi","Skills":["Cardiac Rhythm Management"],"age":64,"department":"Product Management"},
{"id":69,"first_name":"Cy","last_name":"Skein","Skills":["QAC"],"age":39,"department":"Marketing"},
{"id":70,"first_name":"Ulrica","last_name":"Duggleby","Skills":["IAR"],"age":47,"department":"Accounting"},
{"id":71,"first_name":"Lucienne","last_name":"Loft","Skills":["IELTS","PKI","CDMA"],"age":42,"department":"Human Resources"},
{"id":72,"first_name":"Heath","last_name":"Regi","Skills":["Non-Conforming","PMCS"],"age":68,"department":"Legal"},
{"id":73,"first_name":"Biron","last_name":"Kennerknecht","Skills":["EBA"],"age":61,"department":"Engineering"},
{"id":74,"first_name":"Keriann","last_name":"Hustler","Skills":["DTC","Silhouette FX"],"age":48,"department":"Human Resources"},
{"id":75,"first_name":"Sigismund","last_name":"Pyser","Skills":["Hyper-V","Fashion GPS"],"age":34,"department":"Sales"},
{"id":76,"first_name":"Carmelita","last_name":"Leabeater","Skills":["OBIEE"],"age":54,"department":"Engineering"},
{"id":77,"first_name":"Nick","last_name":"Tuxwell","Skills":["Smart TV","AutoCAD Architecture","PPC"],"age":81,"department":"Support"},
{"id":78,"first_name":"Giselle","last_name":"Veldstra","Skills":["UDP","MW"],"age":44,"department":"Services"},
{"id":79,"first_name":"Coral","last_name":"Roizn","Skills":["Mining","Digital Media"],"age":30,"department":"Research and Development"},
{"id":80,"first_name":"Jonathon","last_name":"Martusewicz","Skills":["MySpace","Tactics"],"age":46,"department":"Product Management"},
{"id":81,"first_name":"Sela","last_name":"Dutton","Skills":["VAT","Eyewonder"],"age":59,"department":"Legal"},
{"id":82,"first_name":"Kip","last_name":"Wigmore","Skills":["Autism Spectrum Disorders"],"age":87,"department":"Business Development"},
{"id":83,"first_name":"Chloette","last_name":"Chester","Skills":["Online Publishing"],"age":46,"department":"Accounting"},
{"id":84,"first_name":"Merrill","last_name":"Hardage","Skills":["Cash Flow","Automobile"],"age":55,"department":"Human Resources"},
{"id":85,"first_name":"Licha","last_name":"Kikke","Skills":["Lyric Soprano"],"age":37,"department":"Research and Development"},
{"id":86,"first_name":"Patricio","last_name":"Giotto","Skills":["Niche Marketing","Ab Initio"],"age":21,"department":"Engineering"},
{"id":87,"first_name":"Lane","last_name":"Adelsberg","Skills":["MDRs","Affordable Housing"],"age":79,"department":"Legal"},
{"id":88,"first_name":"Felicio","last_name":"Fetter","Skills":["Mineral Exploration","HTC","Avid"],"age":38,"department":"Sales"},
{"id":89,"first_name":"Brynn","last_name":"Harvison","Skills":["DTS"],"age":66,"department":"Human Resources"},
{"id":90,"first_name":"Murdock","last_name":"Litton","Skills":["Hydropower","FpML"],"age":28,"department":"Accounting"},
{"id":91,"first_name":"Krispin","last_name":"Griggs","Skills":["Cross-border Transactions"],"age":87,"department":"Engineering"},
{"id":92,"first_name":"Arnuad","last_name":"Belford","Skills":["XMPP","Environmental Policy","Agile Methodologies"],"age":26,"department":"Support"},
{"id":93,"first_name":"Tally","last_name":"Grinyakin","Skills":["OEM Management","Ion Exchange"],"age":62,"department":"Engineering"},
{"id":94,"first_name":"Cheslie","last_name":"Gowthorpe","Skills":["Agile Application Development","MLD","ZPL"],"age":47,"department":"Business Development"},
{"id":95,"first_name":"Shep","last_name":"Doctor","Skills":["Mining","Geotechnical Engineering"],"age":77,"department":"Research and Development"},
{"id":96,"first_name":"Giffy","last_name":"Kosel","Skills":["Special Effects","Airport Management"],"age":79,"department":"Product Management"},
{"id":97,"first_name":"Gradey","last_name":"Driffill","Skills":["Patient Education","MDA"],"age":67,"department":"Marketing"},
{"id":98,"first_name":"Dalston","last_name":"Shropsheir","Skills":["GMAT","CPLEX","Project Engineering"],"age":89,"department":"Legal"},
{"id":99,"first_name":"Stacia","last_name":"Tidbald","Skills":["MIS","Hazardous Materials"],"age":33,"department":"Business Development"},
{"id":100,"first_name":"Siouxie","last_name":"Buchett","Skills":["Alcohol Awareness","HR Management"],"age":27,"department":"Training"},
{"id":101,"first_name":"Cathie","last_name":"McPhilemy","Skills":["Online Gambling","eHRPD"],"age":37,"department":"Research and Development"},
{"id":102,"first_name":"Demetrius","last_name":"Flatt","Skills":["Restorative Justice"],"age":61,"department":"Research and Development"},
{"id":103,"first_name":"Harlin","last_name":"Neild","Skills":["MbUnit","UFC","TWS"],"age":41,"department":"Support"},
{"id":104,"first_name":"Bradan","last_name":"Catonnet","Skills":["Appraisals","Handmade Jewelry"],"age":22,"department":"Business Development"},
{"id":105,"first_name":"Zorah","last_name":"Larmuth","Skills":["JavaSE","PnL Management"],"age":63,"department":"Marketing"},
{"id":106,"first_name":"Caresse","last_name":"Newcom","Skills":["GT Strudl"],"age":51,"department":"Engineering"},
{"id":107,"first_name":"Granger","last_name":"Canter","Skills":["LDRPS","WSDL"],"age":68,"department":"Support"},
{"id":108,"first_name":"Sidonia","last_name":"Hancell","Skills":["HTK","Market Research"],"age":41,"department":"Support"},
{"id":109,"first_name":"Jamesy","last_name":"Hayle","Skills":["PMC","AQTF compliance","Bootstrap"],"age":86,"department":"Engineering"},
{"id":110,"first_name":"Borg","last_name":"Whellans","Skills":["GMRA","First Time Home Buyers"],"age":36,"department":"Product Management"},
{"id":111,"first_name":"Kenny","last_name":"Geggie","Skills":["Kaspersky Antivirus"],"age":61,"department":"Support"},
{"id":112,"first_name":"Maurice","last_name":"Massimo","Skills":["Performance Appraisal","Medical Billing"],"age":27,"department":"Training"}