Order ID,Amount,Profit,Quantity,Category,Sub-Category
B-30601,1275,10,7,Furniture,Bookcases
B-30601,66,229,5,Clothing,Stole
B-30601,8,-244,3,Clothing,Hankerchief
B-30601,80,-5164,4,Electronics,Electronic Games
B-30602,168,-4111,2,Electronics,Phones
B-30602,424,-4272,5,Electronics,Phones
B-30602,2617,11251,4,Electronics,Phones
B-30602,561,212,3,Clothing,Saree
B-30602,119,-5,8,Clothing,Saree
B-30603,1355,-60,5,Clothing,Trousers
B-30603,24,-30,1,Furniture,Chairs
B-30603,193,-166,3,Clothing,Saree
B-30603,180,5,3,Clothing,Trousers
B-30603,116,16,4,Clothing,Stole
B-30603,107,36,6,Clothing,Stole
B-30603,12,1,2,Clothing,Hankerchief
B-30603,38,18,1,Clothing,Kurti
B-30604,65,17,2,Clothing,T-shirt
B-30604,157,5,9,Clothing,Saree
B-30605,75,0,7,Clothing,Saree
B-30606,87,4,2,Clothing,Shirt
B-30607,50,15,4,Clothing,Leggings
B-30608,1364,864,5,Furniture,Tables
B-30608,476,0,3,Furniture,Chairs
B-30608,307,23,5,Clothing,Hankerchief
B-30608,856,385,6,Electronics,Printers
B-30609,485,29,4,Electronics,Electronic Games
B-30609,30,-5,4,Clothing,Saree
B-30610,1076,-38,4,Electronics,Printers
B-30610,107,-54,4,Clothing,Stole
B-30610,68,-55,5,Electronics,Accessories
B-30610,781,-594,6,Electronics,Printers
B-30610,43,0,3,Clothing,Saree
B-30610,30,-5,2,Furniture,Furnishings
B-30611,160,-59,2,Clothing,Saree
B-30612,309,-55,2,Furniture,Chairs
B-30613,1603,0,9,Clothing,Saree
B-30614,494,54,4,Furniture,Bookcases
B-30614,98,-12,2,Electronics,Electronic Games
B-30615,68,20,5,Clothing,Hankerchief
B-30616,42,12,5,Clothing,Hankerchief
B-30616,116,-56,5,Clothing,Stole
B-30616,22,-2,3,Clothing,Hankerchief
B-30616,14,-2,3,Clothing,Hankerchief
B-30617,305,-270,5,Electronics,Electronic Games
B-30618,362,127,1,Furniture,Bookcases
B-30618,12,0,2,Clothing,Hankerchief
B-30619,353,90,8,Clothing,Saree
B-30620,193,46,1,Electronics,Printers
B-30621,233,-10,5,Electronics,Electronic Games
B-30621,228,63,3,Electronics,Electronic Games
B-30621,333,-15,3,Electronics,Phones
B-30622,534,0,3,Clothing,Saree
B-30623,53,1,4,Clothing,Stole
B-30623,158,69,3,Clothing,Stole
B-30623,149,-87,4,Clothing,Saree
B-30623,105,20,2,Clothing,Stole
B-30624,26,12,3,Clothing,Hankerchief
B-30630,97,29,2,Clothing,Hankerchief
B-30630,59,30,3,Clothing,Leggings
B-30630,635,-349,5,Clothing,Saree
B-30626,46,-14,1,Electronics,Phones
B-30626,1103,-276,3,Furniture,Chairs
B-30627,55,-39,4,Clothing,Stole
B-30628,45,13,4,Clothing,Skirt
B-30628,24,-9,4,Clothing,Saree
B-30628,35,-8,2,Furniture,Furnishings
B-30629,1560,421,3,Clothing,Trousers
B-30630,133,12,5,Clothing,Stole
B-30630,114,-39,5,Clothing,Kurti
B-30630,143,-129,2,Electronics,Phones
B-30630,40,-7,3,Clothing,Stole
B-30630,34,-22,4,Clothing,T-shirt
B-30630,42,-26,2,Clothing,Kurti
B-30631,89,-89,2,Furniture,Furnishings
B-30632,19,-2,2,Clothing,Leggings
B-30633,249,-130,4,Electronics,Phones
B-30633,711,-8,4,Clothing,Saree
B-30633,496,-79,2,Clothing,Trousers
B-30634,389,-83,3,Furniture,Chairs
B-30635,40,16,3,Clothing,Hankerchief
B-30635,23,2,2,Clothing,Skirt
B-30635,382,30,3,Clothing,Saree
B-30636,637,113,5,Clothing,Saree
B-30637,117,14,3,Clothing,Shirt
B-30638,182,-11,3,Furniture,Bookcases
B-30638,880,97,8,Furniture,Furnishings
B-30638,154,39,3,Clothing,Hankerchief
B-30638,816,-96,3,Electronics,Printers
B-30639,1629,-153,3,Electronics,Phones
B-30640,68,-62,2,Clothing,Trousers
B-30640,314,-239,13,Clothing,Hankerchief
B-30640,122,-47,4,Clothing,Saree
B-30641,22,-6,1,Furniture,Furnishings
B-30642,434,26,11,Clothing,Shirt
B-30643,1061,-36,8,Furniture,Bookcases
B-30643,50,-44,2,Clothing,Hankerchief
B-30643,37,-23,4,Clothing,Shirt
B-30643,263,-63,2,Electronics,Electronic Games
B-30643,36,-7,1,Electronics,Electronic Games
B-30644,76,-92,8,Furniture,Furnishings
B-30645,273,-87,4,Electronics,Phones
B-30645,86,0,4,Clothing,T-shirt
B-30645,133,-42,1,Electronics,Printers
B-30645,183,-66,5,Electronics,Phones
B-30646,20,-8,2,Clothing,Saree
B-30647,42,-6,4,Clothing,Saree
B-30648,100,-23,1,Electronics,Phones
B-30648,30,13,1,Clothing,T-shirt
B-30648,55,-26,4,Clothing,Saree
B-30648,130,-41,4,Clothing,Saree
B-30649,27,-30,2,Clothing,Stole
B-30650,245,-78,2,Electronics,Printers
B-30650,211,-105,2,Clothing,Saree
B-30650,31,-2,2,Clothing,Saree
B-30650,28,-26,2,Clothing,Stole
B-30650,512,-230,5,Clothing,Saree
B-30650,930,447,5,Electronics,Electronic Games
B-30650,238,20,2,Clothing,Saree
B-30650,351,-47,8,Electronics,Phones
B-30650,269,111,3,Clothing,Trousers
B-30651,200,-60,4,Furniture,Bookcases
B-30651,44,-8,3,Clothing,Stole
B-30651,7,0,1,Clothing,Leggings
B-30651,11,-4,2,Clothing,Skirt
B-30651,16,-10,2,Clothing,T-shirt
B-30651,172,-103,3,Furniture,Chairs
B-30651,49,3,1,Clothing,Shirt
B-30651,823,-18,7,Furniture,Chairs
B-30651,23,4,1,Clothing,Saree
B-30651,457,-41,4,Clothing,Saree
B-30652,24,-21,7,Clothing,Skirt
B-30652,30,-2,5,Clothing,Hankerchief
B-30652,174,-70,3,Electronics,Accessories
B-30652,206,-206,3,Clothing,Saree
B-30652,21,-13,3,Clothing,Leggings
B-30652,34,-6,4,Clothing,Leggings
B-30652,9,-6,2,Clothing,Hankerchief
B-30653,1279,-640,8,Electronics,Printers
B-30653,28,-3,2,Clothing,Saree
B-30653,427,-50,7,Electronics,Phones
B-30653,168,-10,3,Electronics,Accessories
B-30653,1327,318,8,Furniture,Chairs
B-30653,195,-117,5,Electronics,Phones
B-30653,115,30,1,Electronics,Accessories
B-30653,668,-31,3,Electronics,Printers
B-30653,227,102,8,Electronics,Accessories
B-30654,34,12,3,Clothing,Hankerchief
B-30654,229,-23,2,Clothing,Saree
B-30654,54,-3,3,Clothing,Saree
B-30654,269,-86,2,Electronics,Electronic Games
B-30654,122,-21,3,Furniture,Furnishings
B-30654,105,46,2,Clothing,Stole
B-30654,450,-90,3,Electronics,Printers
B-30654,121,-17,3,Furniture,Furnishings
B-30655,44,-26,3,Clothing,Hankerchief
B-30655,7,-4,3,Clothing,Hankerchief
B-30655,396,-31,9,Clothing,Saree
B-30655,97,-62,2,Clothing,Trousers
B-30655,110,-68,4,Clothing,Saree
B-30655,312,-312,7,Furniture,Chairs
B-30655,9,-6,2,Clothing,Skirt
B-30655,6,-3,1,Clothing,Hankerchief
B-30655,74,23,8,Clothing,Skirt
B-30656,534,0,3,Clothing,Saree
B-30656,30,-5,5,Clothing,Stole
B-30656,61,-23,2,Clothing,Saree
B-30656,6,3,1,Clothing,Hankerchief
B-30656,24,-1,2,Clothing,Hankerchief
B-30656,56,18,2,Clothing,Hankerchief
B-30656,406,126,2,Clothing,Saree
B-30656,624,37,2,Electronics,Electronic Games
B-30656,101,18,9,Clothing,Skirt
B-30656,1389,680,7,Clothing,Saree
B-30656,651,169,5,Electronics,Printers
B-30656,13,-1,3,Clothing,Hankerchief
B-30657,1021,-48,4,Electronics,Electronic Games
B-30657,32,-22,5,Clothing,Saree
B-30657,332,-43,6,Electronics,Phones
B-30657,288,-180,4,Furniture,Chairs
B-30658,27,9,2,Clothing,T-shirt
B-30659,148,72,7,Clothing,T-shirt
B-30660,245,-78,3,Clothing,Saree
B-30661,19,-15,3,Clothing,Hankerchief
B-30661,224,-81,3,Furniture,Chairs
B-30661,58,-42,2,Furniture,Chairs
B-30661,145,-104,5,Furniture,Chairs
B-30661,55,-33,2,Furniture,Chairs
B-30661,7,-1,2,Clothing,Hankerchief
B-30662,24,-2,2,Clothing,T-shirt
B-30662,86,-21,1,Electronics,Electronic Games
B-30662,385,-77,11,Furniture,Furnishings
B-30663,294,138,2,Electronics,Printers
B-30664,444,-200,4,Electronics,Phones
B-30664,785,52,2,Electronics,Phones
B-30664,308,-27,2,Electronics,Phones
B-30664,83,-48,1,Furniture,Bookcases
B-30665,166,-113,4,Electronics,Accessories
B-30666,934,-916,7,Electronics,Electronic Games
B-30667,11,-2,4,Clothing,Hankerchief
B-30667,41,6,5,Clothing,Skirt
B-30667,344,-34,3,Clothing,Saree
B-30667,1030,206,8,Electronics,Printers
B-30667,516,69,4,Furniture,Bookcases
B-30668,123,17,3,Furniture,Furnishings
B-30669,610,-66,2,Furniture,Tables
B-30670,74,29,3,Clothing,Stole
B-30670,24,1,2,Clothing,Hankerchief
B-30670,14,2,1,Clothing,Hankerchief
B-30670,656,-36,2,Furniture,Bookcases
B-30671,832,0,3,Clothing,Trousers
B-30672,27,-15,1,Clothing,Stole
B-30673,143,-124,5,Clothing,Saree
B-30673,44,-17,5,Clothing,Saree
B-30673,45,-2,4,Clothing,Shirt
B-30673,16,-1,1,Clothing,Saree
B-30673,37,-5,3,Clothing,T-shirt
B-30674,17,-12,5,Clothing,Skirt
B-30675,929,-93,9,Clothing,Saree
B-30676,342,-103,4,Electronics,Electronic Games
B-30676,1263,-56,5,Clothing,Trousers
B-30676,674,-187,2,Furniture,Tables
B-30676,32,6,3,Clothing,Shirt
B-30676,79,36,4,Clothing,Shirt
B-30677,20,-2,1,Electronics,Accessories
B-30678,64,-7,3,Clothing,Saree
B-30678,7,-3,2,Clothing,Skirt
B-30678,327,-39,1,Electronics,Phones
B-30678,27,-30,2,Clothing,Shirt
B-30679,76,-50,1,Clothing,Saree
B-30680,73,-30,3,Clothing,Saree
B-30681,68,-27,3,Electronics,Accessories
B-30681,523,204,7,Clothing,Trousers
B-30681,44,-3,1,Clothing,Saree
B-30681,243,-14,2,Furniture,Chairs
B-30681,1630,-77,3,Electronics,Phones
B-30681,1096,-658,7,Electronics,Electronic Games
B-30682,545,-73,11,Electronics,Phones
B-30683,433,26,3,Electronics,Printers
B-30683,245,-3,4,Electronics,Phones
B-30683,155,56,3,Furniture,Furnishings
B-30683,148,52,5,Clothing,Stole
B-30683,86,-55,6,Clothing,Saree
B-30684,134,42,2,Furniture,Chairs
B-30685,51,7,2,Furniture,Furnishings
B-30685,529,137,3,Electronics,Phones
B-30685,264,-30,3,Furniture,Furnishings
B-30685,45,-2,4,Clothing,Shirt
B-30686,381,-13,2,Clothing,Saree
B-30686,332,-503,3,Electronics,Printers
B-30686,1829,-56,6,Furniture,Tables
B-30687,17,6,1,Clothing,Stole
B-30687,357,139,2,Clothing,Saree
B-30687,51,21,3,Clothing,T-shirt
B-30687,387,-213,5,Clothing,Saree
B-30687,14,-1,4,Clothing,Kurti
B-30688,352,-345,5,Clothing,Saree
B-30689,469,-459,3,Electronics,Electronic Games
B-30689,97,17,2,Clothing,Stole
B-30689,149,36,3,Clothing,Stole
B-30690,31,10,3,Clothing,Skirt
B-30691,714,56,4,Clothing,Saree
B-26096,88,11,3,Electronics,Accessories
B-26096,451,30,3,Electronics,Phones
B-26096,264,-26,3,Clothing,Trousers
B-26097,97,12,2,Clothing,Hankerchief
B-26097,14,5,1,Clothing,Hankerchief
B-26097,19,8,2,Clothing,Hankerchief
B-26097,39,18,2,Clothing,Leggings
B-26097,185,-26,6,Furniture,Chairs
B-26097,663,-212,5,Electronics,Printers
B-26097,671,-309,5,Electronics,Electronic Games
B-26098,82,8,3,Electronics,Accessories
B-26098,497,179,3,Furniture,Chairs
B-26098,96,48,5,Clothing,Leggings
B-26098,409,86,3,Clothing,Saree
B-26098,59,15,2,Clothing,T-shirt
B-26098,46,14,5,Clothing,Skirt
B-26099,9,3,1,Clothing,Skirt
B-26099,207,37,4,Clothing,Hankerchief
B-26099,835,267,5,Electronics,Phones
B-26099,2366,552,5,Clothing,Trousers
B-26100,828,230,2,Furniture,Chairs
B-26100,34,10,2,Clothing,T-shirt
B-26100,72,16,2,Clothing,Shirt
