{"location": {"state_city": "MA-Lexington","zip": "40503"},"sale_date": "2017-3-5","price": "275836"}
{"location": {"state_city": "MA-Belmont","zip": "02478"},"sale_date": "2017-3-17","price": "392567"}
{"location": {"state_city": "MA-Winchester","zip": "01890"},"sale_date": "2017-3-21","price": "389921"}
{"location": {"state_city": "TX-Houston","zip": "77012"},"sale_date": "2017-3-22","price": "258061"}
{"location": {"state_city": "NY-New York","zip": "10036"},"sale_date": "2017-3-22","price": "490236"}
